Workbook

Sheet README
A1: Data simulasi Dashboard Bapperida Kota Palembang
A2: SEMUA ANGKA DI FILE INI ADALAH DATA CONTOH (SIMULASI), BUKAN DATA RESMI.
A3: Dipakai untuk prototipe dashboard internal. Ganti dengan data resmi dari BPS, perangkat daerah dan dokumen perencanaan yang ditetapkan.
A5: Isi sheet
A6: Indikator — 30 indikator IKU/IKD/IKK: realisasi 2021–2025, target RPJMD 2025–2029, proyeksi 2029 dan status (dihitung dengan rumus).
A7: Program_RKPD_2026 — program pendukung per indikator, pagu indikatif 2026 (Rp juta), realisasi anggaran 2025 dan catatan Monev.
A8: Dokumen — daftar dokumen perencanaan kota, perangkat daerah dan regulasi beserta metadata.
A9: Target_Dokumen_PD — target indikator yang tertulis di Renstra/Renja PD dibandingkan dokumen rujukan (bahan pemeriksaan otomatis).
A10: Temuan_Pemeriksaan — hasil pemeriksaan otomatis: perbedaan target, nama, satuan, atau indikator yang tidak dimuat.
A11: DSSD — data statistik sektoral per urusan 2021–2025 (data dasar Buku Saku).
A12: Urusan — pembagian urusan per bidang, perangkat daerah pengampu dan isu strategis.
A14: Cara membaca status
... A18: Teks biru = nilai yang diisi (data contoh). Teks hitam = rumus. Nama program mengikuti nomenklatur Kepmendagri 050; nomor dan tanggal penetapan dokumen daerah sengaja dikosongkan.

Sheet Indikator
A1: Data simulasi. Proyeksi dan Status dihitung dengan rumus (lihat README).
A3: Kode | B3: Indikator | C3: Jenis | D3: Satuan | E3: Arah | F3: Urusan | G3: Bidang | H3: Perangkat daerah | I3: Sumber data | J3: Realisasi 2021 | K3: Realisasi 2022 | L3: Realisasi 2023 | M3: Realisasi 2024 | N3: Realisasi 2025 | O3: Target 2025 | P3: Target 2026 | Q3: Target 2027 | R3: Target 2028 | S3: Target 2029 | T3: Proyeksi 2029 | U3: Status | V3: Alasan (bahasa sederhana) | W3: Saran AI (contoh)
A4: IKU-01 | B4: Indeks Pembangunan Manusia | C4: IKU | D4: poin | E4: naik | F4: Kesehatan | G4: Perekonomian, SDA dan Sosial | H4: Lintas perangkat daerah | I4: BPS Kota Palembang | J4: 74.6 | K4: 74.98 | L4: 75.4 | M4: 75.77 | N4: 76.1 | O4: 76.4 | P4: 76.8 | Q4: 77.2 | R4: 77.6 | S4: 78 | T4: =IF(D4="%",MAX(0,MIN(100,N4+(N4-J4))),N4+(N4-J4)) -> 77.6 | U4: =IF(E4="turun",IF(T4<=S4+0.000000001,"Sesuai jalur",IF(T4<=S4*1.05,"Perlu perhatian","Berisiko")),IF(T4>=S4-0.000000001,"Sesuai jalur",IF(T4>=S4*0.97,"Perlu perhatian","Berisiko"))) -> Perlu perhatian | V4: Sedikit di bawah jalur target. Laju kenaikannya perlu dijaga. | W4: Periksa realisasi Program Pengelolaan Pendidikan dan Program Pemenuhan Upaya Kesehatan Perorangan dan Upaya Kesehatan Masyarakat di RKPD 2026. Monev mencatat: Daya tampung SMP negeri di beberapa kecamatan belum mencukupi.
A5: IKU-02 | B5: Pertumbuhan Ekonomi | C5: IKU | D5: % | E5: naik | F5: Perekonomian | G5: Perekonomian, SDA dan Sosial | H5: Lintas perangkat daerah | I5: BPS Kota Palembang | J5: 4.85 | K5: 5.31 | L5: 5.2 | M5: 5.05 | N5: 5.12 | O5: 5.4 | P5: 5.5 | Q5: 5.6 | R5: 5.7 | S5: 5.8 | T5: =IF(D5="%",MAX(0,MIN(100,N5+(N5-J5))),N5+(N5-J5)) -> 5.39 | U5: =IF(E5="turun",IF(T5<=S5+0.000000001,"Sesuai jalur",IF(T5<=S5*1.05,"Perlu perhatian","Berisiko")),IF(T5>=S5-0.000000001,"Sesuai jalur",IF(T5>=S5*0.97,"Perlu perhatian","Berisiko"))) -> Berisiko | V5: Pertumbuhan di bawah standar target dan cenderung datar sejak 2023. | W5: Periksa realisasi Program Pemberdayaan Usaha Menengah, Usaha Kecil, dan Usaha Mikro (UMKM) dan Program Peningkatan Daya Tarik Destinasi Pariwisata di RKPD 2026.
A6: IKU-03 | B6: Indeks Gini | C6: IKU | D6: poin | E6: turun | F6: Perekonomian | G6: Perekonomian, SDA dan Sosial | H6: Lintas perangkat daerah | I6: BPS Kota Palembang | J6: 0.372 | K6: 0.369 | L6: 0.366 | M6: 0.364 | N6: 0.361 | O6: 0.358 | P6: 0.353 | Q6: 0.349 | R6: 0.345 | S6: 0.34 | T6: =IF(D6="%",MAX(0,MIN(100,N6+(N6-J6))),N6+(N6-J6)) -> 0.35 | U6: =IF(E6="turun",IF(T6<=S6+0.000000001,"Sesuai jalur",IF(T6<=S6*1.05,"Perlu perhatian","Berisiko")),IF(T6>=S6-0.000000001,"Sesuai jalur",IF(T6>=S6*0.97,"Perlu perhatian","Berisiko"))) -> Perlu perhatian | V6: Sedikit di bawah jalur target. Lajunya perlu dijaga agar target 2029 tercapai. | W6: Periksa realisasi Program Perencanaan, Pengendalian dan Evaluasi Pembangunan Daerah di RKPD 2026.
A7: IKU-04 | B7: Indeks Kualitas Lingkungan Hidup | C7: IKU | D7: poin | E7: naik | F7: Lingkungan Hidup | G7: Infrastruktur dan Pengembangan Wilayah | H7: Dinas Lingkungan Hidup dan Kebersihan | I7: Dinas Lingkungan Hidup dan Kebersihan | J7: 58.2 | K7: 58.98 | L7: 59.59 | M7: 60.22 | N7: 61 | O7: 62 | P7: 63 | Q7: 64 | R7: 65 | S7: 66 | T7: =IF(D7="%",MAX(0,MIN(100,N7+(N7-J7))),N7+(N7-J7)) -> 63.8 | U7: =IF(E7="turun",IF(T7<=S7+0.000000001,"Sesuai jalur",IF(T7<=S7*1.05,"Perlu perhatian","Berisiko")),IF(T7>=S7-0.000000001,"Sesuai jalur",IF(T7>=S7*0.97,"Perlu perhatian","Berisiko"))) -> Berisiko | V7: Indeks Kualitas Lingkungan Hidup naik terlalu lambat. Dengan laju sekarang, target 2029 tidak tercapai. | W7: Periksa realisasi Program Pengelolaan Persampahan dan Program Pengendalian Pencemaran dan/atau Kerusakan Lingkungan Hidup di RKPD 2026. Monev mencatat: Kapasitas TPA mendekati batas; bank sampah belum merata.
A8: IKU-05 | B8: Indeks Inovasi Daerah | C8: IKU | D8: poin | E8: naik | F8: Riset dan Inovasi Daerah | G8: Riset dan Inovasi Daerah | H8: Bapperida Kota Palembang | I8: Bapperida Kota Palembang | J8: 38.2 | K8: 41.87 | L8: 44.64 | M8: 48.92 | N8: 52.4 | O8: 54 | P8: 58 | Q8: 62 | R8: 66 | S8: 70 | T8: =IF(D8="%",MAX(0,MIN(100,N8+(N8-J8))),N8+(N8-J8)) -> 66.6 | U8: =IF(E8="turun",IF(T8<=S8+0.000000001,"Sesuai jalur",IF(T8<=S8*1.05,"Perlu perhatian","Berisiko")),IF(T8>=S8-0.000000001,"Sesuai jalur",IF(T8>=S8*0.97,"Perlu perhatian","Berisiko"))) -> Berisiko | V8: Indeks Inovasi Daerah naik terlalu lambat. Dengan laju sekarang, target 2029 tidak tercapai. | W8: Periksa realisasi Program Penelitian dan Pengembangan Daerah di RKPD 2026. Monev mencatat: Hasil kajian belum dijadwalkan masuk forum perencanaan.
A9: IKD-01 | B9: Tingkat Kemiskinan | C9: IKD | D9: % | E9: turun | F9: Sosial | G9: Perekonomian, SDA dan Sosial | H9: Dinas Sosial | I9: BPS Kota Palembang | J9: 8.79 | K9: 8.62 | L9: 8.5 | M9: 8.41 | N9: 8.3 | O9: 8.4 | P9: 8.1 | Q9: 7.75 | R9: 7.4 | S9: 7 | T9: =IF(D9="%",MAX(0,MIN(100,N9+(N9-J9))),N9+(N9-J9)) -> 7.81 | U9: =IF(E9="turun",IF(T9<=S9+0.000000001,"Sesuai jalur",IF(T9<=S9*1.05,"Perlu perhatian","Berisiko")),IF(T9>=S9-0.000000001,"Sesuai jalur",IF(T9>=S9*0.97,"Perlu perhatian","Berisiko"))) -> Berisiko | V9: Angka kemiskinan turun terlalu lambat. Dengan laju sekarang, target 2029 tidak tercapai. | W9: Periksa realisasi Program Perlindungan dan Jaminan Sosial di RKPD 2026. Monev mencatat: Pemutakhiran data penerima bantuan belum selesai; sebagian penyaluran tertunda.
A10: IKD-02 | B10: Tingkat Pengangguran Terbuka | C10: IKD | D10: % | E10: turun | F10: Tenaga Kerja | G10: Perekonomian, SDA dan Sosial | H10: Dinas Tenaga Kerja | I10: BPS Kota Palembang | J10: 5.4 | K10: 5.18 | L10: 4.97 | M10: 4.85 | N10: 4.71 | O10: 4.8 | P10: 4.6 | Q10: 4.4 | R10: 4.2 | S10: 4 | T10: =IF(D10="%",MAX(0,MIN(100,N10+(N10-J10))),N10+(N10-J10)) -> 4.02 | U10: =IF(E10="turun",IF(T10<=S10+0.000000001,"Sesuai jalur",IF(T10<=S10*1.05,"Perlu perhatian","Berisiko")),IF(T10>=S10-0.000000001,"Sesuai jalur",IF(T10>=S10*0.97,"Perlu perhatian","Berisiko"))) -> Perlu perhatian | V10: Hampir sesuai target, tetapi selisihnya tipis. | W10: Periksa realisasi Program Pelatihan Kerja dan Produktivitas Tenaga Kerja dan Program Penempatan Tenaga Kerja di RKPD 2026. Monev mencatat: Sebagian materi pelatihan belum sesuai kebutuhan industri.
A11: IKD-03 | B11: Harapan Lama Sekolah | C11: IKD | D11: tahun | E11: naik | F11: Pendidikan | G11: Perekonomian, SDA dan Sosial | H11: Dinas Pendidikan | I11: BPS Kota Palembang | J11: 13.2 | K11: 13.31 | L11: 13.4 | M11: 13.52 | N11: 13.6 | O11: 13.62 | P11: 13.69 | Q11: 13.76 | R11: 13.83 | S11: 13.9 | T11: =IF(D11="%",MAX(0,MIN(100,N11+(N11-J11))),N11+(N11-J11)) -> 14 | U11: =IF(E11="turun",IF(T11<=S11+0.000000001,"Sesuai jalur",IF(T11<=S11*1.05,"Perlu perhatian","Berisiko")),IF(T11>=S11-0.000000001,"Sesuai jalur",IF(T11>=S11*0.97,"Perlu perhatian","Berisiko"))) -> Sesuai jalur | V11: Sesuai jalur menuju target 2029. | W11: Tidak ada tindakan khusus. Lanjutkan pemantauan rutin.
A12: IKD-04 | B12: Rata-rata Lama Sekolah | C12: IKD | D12: tahun | E12: naik | F12: Pendidikan | G12: Perekonomian, SDA dan Sosial | H12: Dinas Pendidikan | I12: BPS Kota Palembang | J12: 10.62 | K12: 10.71 | L12: 10.79 | M12: 10.88 | N12: 10.98 | O12: 11 | P12: 11.07 | Q12: 11.15 | R12: 11.23 | S12: 11.3 | T12: =IF(D12="%",MAX(0,MIN(100,N12+(N12-J12))),N12+(N12-J12)) -> 11.34 | U12: =IF(E12="turun",IF(T12<=S12+0.000000001,"Sesuai jalur",IF(T12<=S12*1.05,"Perlu perhatian","Berisiko")),IF(T12>=S12-0.000000001,"Sesuai jalur",IF(T12>=S12*0.97,"Perlu perhatian","Berisiko"))) -> Sesuai jalur | V12: Sesuai jalur menuju target 2029. | W12: Tidak ada tindakan khusus. Lanjutkan pemantauan rutin.
A13: IKD-05 | B13: Angka Harapan Hidup | C13: IKD | D13: tahun | E13: naik | F13: Kesehatan | G13: Perekonomian, SDA dan Sosial | H13: Dinas Kesehatan | I13: BPS Kota Palembang | J13: 70.1 | K13: 70.28 | L13: 70.46 | M13: 70.64 | N13: 70.86 | O13: 70.9 | P13: 71.08 | Q13: 71.25 | R13: 71.42 | S13: 71.6 | T13: =IF(D13="%",MAX(0,MIN(100,N13+(N13-J13))),N13+(N13-J13)) -> 71.62 | U13: =IF(E13="turun",IF(T13<=S13+0.000000001,"Sesuai jalur",IF(T13<=S13*1.05,"Perlu perhatian","Berisiko")),IF(T13>=S13-0.000000001,"Sesuai jalur",IF(T13>=S13*0.97,"Perlu perhatian","Berisiko"))) -> Sesuai jalur | V13: Sesuai jalur menuju target 2029. | W13: Tidak ada tindakan khusus. Lanjutkan pemantauan rutin.
A14: IKD-06 | B14: Prevalensi Stunting | C14: IKD | D14: % | E14: turun | F14: Kesehatan | G14: Perekonomian, SDA dan Sosial | H14: Dinas Kesehatan | I14: Dinas Kesehatan | J14: 18.6 | K14: 17.4 | L14: 16.6 | M14: 15.1 | N14: 14.2 | O14: 14 | P14: 13 | Q14: 12 | R14: 11 | S14: 10 | T14: =IF(D14="%",MAX(0,MIN(100,N14+(N14-J14))),N14+(N14-J14)) -> 9.8 | U14: =IF(E14="turun",IF(T14<=S14+0.000000001,"Sesuai jalur",IF(T14<=S14*1.05,"Perlu perhatian","Berisiko")),IF(T14>=S14-0.000000001,"Sesuai jalur",IF(T14>=S14*0.97,"Perlu perhatian","Berisiko"))) -> Sesuai jalur | V14: Sesuai jalur menuju target 2029. | W14: Tidak ada tindakan khusus. Lanjutkan pemantauan rutin.
A15: IKD-07 | B15: PDRB per Kapita | C15: IKD | D15: Rp juta | E15: naik | F15: Perekonomian | G15: Perekonomian, SDA dan Sosial | H15: Lintas perangkat daerah | I15: BPS Kota Palembang | J15: 72.4 | K15: 75.9 | L15: 80.7 | M15: 84.5 | N15: 88.1 | O15: 89 | P15: 93 | Q15: 97 | R15: 101 | S15: 105 | T15: =IF(D15="%",MAX(0,MIN(100,N15+(N15-J15))),N15+(N15-J15)) -> 103.8 | U15: =IF(E15="turun",IF(T15<=S15+0.000000001,"Sesuai jalur",IF(T15<=S15*1.05,"Perlu perhatian","Berisiko")),IF(T15>=S15-0.000000001,"Sesuai jalur",IF(T15>=S15*0.97,"Perlu perhatian","Berisiko"))) -> Perlu perhatian | V15: Sedikit di bawah jalur target. Lajunya perlu dijaga agar target 2029 tercapai. | W15: Periksa realisasi Program Perencanaan, Pengendalian dan Evaluasi Pembangunan Daerah di RKPD 2026.
... A33: IKK-17 | B33: Jumlah Kajian yang Dimanfaatkan dalam Perencanaan | C33: IKK | D33: dokumen | E33: naik | F33: Riset dan Inovasi Daerah | G33: Riset dan Inovasi Daerah | H33: Bapperida Kota Palembang | I33: Bapperida Kota Palembang | J33: 4 | K33: 5 | L33: 7 | M33: 8 | N33: 9 | O33: 10 | P33: 11 | Q33: 12 | R33: 14 | S33: 15 | T33: =IF(D33="%",MAX(0,MIN(100,N33+(N33-J33))),N33+(N33-J33)) -> 14 | U33: =IF(E33="turun",IF(T33<=S33+0.000000001,"Sesuai jalur",IF(T33<=S33*1.05,"Perlu perhatian","Berisiko")),IF(T33>=S33-0.000000001,"Sesuai jalur",IF(T33>=S33*0.97,"Perlu perhatian","Berisiko"))) -> Berisiko | V33: Jumlah Kajian yang Dimanfaatkan dalam Perencanaan naik terlalu lambat. Dengan laju sekarang, target 2029 tidak tercapai. | W33: Periksa realisasi Program Penelitian dan Pengembangan Daerah di RKPD 2026. Monev mencatat: Hasil kajian belum dijadwalkan masuk forum perencanaan.

Sheet Program_RKPD_2026
A1: Data simulasi. Nama program mengikuti nomenklatur Kepmendagri 050; pagu dan realisasi adalah contoh.
A3: ID | B3: Program | C3: Perangkat daerah | D3: Indikator terkait | E3: Pagu indikatif 2026 (Rp juta) | F3: Realisasi anggaran 2025 | G3: Catatan Monev (kendala)
A4: P01 | B4: Program Perlindungan dan Jaminan Sosial | C4: Dinas Sosial | D4: IKD-01, IKK-11 | E4: 38500 | F4: 0.912 | G4: Pemutakhiran data penerima bantuan belum selesai; sebagian penyaluran tertunda.
A5: P02 | B5: Program Rehabilitasi Sosial | C5: Dinas Sosial | D5: IKK-11 | E5: 12400 | F5: 0.885 | G5: Kapasitas panti dan pendamping sosial terbatas.
A6: P03 | B6: Program Pelatihan Kerja dan Produktivitas Tenaga Kerja | C6: Dinas Tenaga Kerja | D6: IKD-02, IKK-10 | E6: 9800 | F6: 0.934 | G6: Sebagian materi pelatihan belum sesuai kebutuhan industri.
A7: P04 | B7: Program Penempatan Tenaga Kerja | C7: Dinas Tenaga Kerja | D7: IKD-02, IKK-10 | E7: 4200 | F7: 0.951 | G7: —
A8: P05 | B8: Program Pengelolaan Pendidikan | C8: Dinas Pendidikan | D8: IKD-03, IKD-04, IKK-09, IKU-01 | E8: 412000 | F8: 0.963 | G8: Daya tampung SMP negeri di beberapa kecamatan belum mencukupi.
A9: P06 | B9: Program Pendidik dan Tenaga Kependidikan | C9: Dinas Pendidikan | D9: IKD-03, IKD-04 | E9: 86500 | F9: 0.97 | G9: —
A10: P07 | B10: Program Pemenuhan Upaya Kesehatan Perorangan dan Upaya Kesehatan Masyarakat | C10: Dinas Kesehatan | D10: IKD-05, IKD-06, IKK-07, IKK-08, IKU-01 | E10: 268000 | F10: 0.948 | G10: Pelaporan imunisasi dari fasilitas swasta belum lengkap.
A11: P08 | B11: Program Peningkatan Kapasitas Sumber Daya Manusia Kesehatan | C11: Dinas Kesehatan | D11: IKK-08, IKD-05 | E11: 15800 | F11: 0.921 | G11: —
A12: P09 | B12: Program Pemberdayaan Usaha Menengah, Usaha Kecil, dan Usaha Mikro (UMKM) | C12: Dinas Koperasi dan UKM | D12: IKK-12, IKU-02 | E12: 11200 | F12: 0.906 | G12: —
A13: P10 | B13: Program Peningkatan Daya Tarik Destinasi Pariwisata | C13: Dinas Pariwisata | D13: IKK-13, IKU-02 | E13: 18900 | F13: 0.897 | G13: —
A14: P11 | B14: Program Pemasaran Pariwisata | C14: Dinas Pariwisata | D14: IKK-13 | E14: 7600 | F14: 0.94 | G14: —
A15: P12 | B15: Program Peningkatan Diversifikasi dan Ketahanan Pangan Masyarakat | C15: Dinas Ketahanan Pangan | D15: IKK-14 | E15: 6300 | F15: 0.879 | G15: Sosialisasi pangan beragam belum menjangkau seluruh kelurahan.
... A28: P25 | B28: Program Perencanaan, Pengendalian dan Evaluasi Pembangunan Daerah | C28: Bapperida Kota Palembang | D28: IKU-01, IKU-02, IKU-03, IKD-07 | E28: 14600 | F28: 0.953 | G28: —
D29: Total pagu | E29: =SUM(E4:E28) -> 1655300
D30: Rata-rata realisasi | F30: =AVERAGE(F4:F28) -> 0.91512

Sheet Dokumen
A1: Data simulasi. Nomor dan tanggal penetapan dokumen daerah sengaja dikosongkan; regulasi pusat memakai nomor sebenarnya.
A3: ID | B3: Jenis | C3: Judul | D3: Pemilik | E3: Tahun / periode | F3: Nomor penetapan | G3: Tanggal penetapan | H3: Status | I3: Versi | J3: Diunggah | K3: Peran dalam pemeriksaan
A4: rpjpd | B4: RPJPD | C4: RPJPD Kota Palembang 2025–2045 | D4: Pemerintah Kota Palembang | E4: 2025–2045 | F4: [nomor penetapan] | G4: [tanggal] | H4: Ditetapkan | I4: 1.0 | J4: 12 Feb 2025 | K4: —
A5: rpjmd | B5: RPJMD | C5: RPJMD Kota Palembang 2025–2029 | D5: Pemerintah Kota Palembang | E5: 2025–2029 | F5: [nomor penetapan] | G5: [tanggal] | H5: Ditetapkan | I5: 1.0 | J5: 3 Sep 2025 | K5: Ya
A6: rkpd27 | B6: RKPD | C6: Rancangan RKPD Kota Palembang 2027 | D6: Pemerintah Kota Palembang | E6: 2027 | F6: [nomor penetapan] | G6: [tanggal] | H6: Rancangan | I6: 0.3 | J6: 9 Okt 2026 | K6: —
A7: rkpd26 | B7: RKPD | C7: RKPD Kota Palembang 2026 | D7: Pemerintah Kota Palembang | E7: 2026 | F7: [nomor penetapan] | G7: [tanggal] | H7: Ditetapkan | I7: 1.0 | J7: 20 Jun 2025 | K7: Ya
A8: rkpd25 | B8: RKPD | C8: RKPD Kota Palembang 2025 | D8: Pemerintah Kota Palembang | E8: 2025 | F8: [nomor penetapan] | G8: [tanggal] | H8: Ditetapkan | I8: 1.0 | J8: 18 Jun 2024 | K8: —
A9: dssd25 | B9: DSSD | C9: DSSD Kota Palembang 2025 | D9: Bapperida dan seluruh PD | E9: 2025 | F9: — | G9: [tanggal] | H9: Final | I9: 1.0 | J9: 22 Mei 2026 | K9: —
A10: dssd24 | B10: DSSD | C10: DSSD Kota Palembang 2024 | D10: Bapperida dan seluruh PD | E10: 2024 | F10: — | G10: [tanggal] | H10: Final | I10: 1.0 | J10: 20 Mei 2025 | K10: —
A11: monev26q2 | B11: Monev | C11: Monev RKPD Triwulan II 2026 | D11: Bapperida Kota Palembang | E11: Triwulan II 2026 | F11: — | G11: [tanggal] | H11: Final | I11: 1.0 | J11: 28 Jul 2026 | K11: —
A12: monev26q1 | B12: Monev | C12: Monev RKPD Triwulan I 2026 | D12: Bapperida Kota Palembang | E12: Triwulan I 2026 | F12: — | G12: [tanggal] | H12: Final | I12: 1.0 | J12: 24 Apr 2026 | K12: —
A13: monev25 | B13: Monev | C13: Monev RKPD Tahunan 2025 | D13: Bapperida Kota Palembang | E13: 2025 | F13: — | G13: [tanggal] | H13: Final | I13: 1.0 | J13: 17 Feb 2026 | K13: —
A14: renstra-dinsos | B14: Renstra | C14: Renstra Dinas Sosial 2025–2029 | D14: Dinas Sosial | E14: 2025–2029 | F14: [nomor penetapan] | G14: [tanggal] | H14: Ditetapkan | I14: 1.0 | J14: 2 Okt 2025 | K14: Diperiksa
... A49: pmdn90 | B49: Regulasi | C49: Permendagri No. 90 Tahun 2019 tentang Klasifikasi, Kodefikasi, dan Nomenklatur Perencanaan Pembangunan dan Keuangan Daerah | D49: Kementerian Dalam Negeri | E49: 2019 | F49: Permendagri No. 90 Tahun 2019 | G49: [tanggal] | H49: Berlaku | I49: — | J49: 1 Feb 2025 | K49: —

Sheet Target_Dokumen_PD
A1: Data simulasi. Beberapa perbedaan sengaja dibuat untuk menguji fitur pemeriksaan dokumen.
A3: Dokumen | B3: Perangkat daerah | C3: Kode indikator | D3: Indikator di dokumen | E3: Satuan di dokumen | F3: Jenis target | G3: Nilai di dokumen | H3: Nilai rujukan | I3: Dokumen rujukan | J3: Halaman | K3: Hasil pemeriksaan
A4: Renstra Dinas Sosial 2025–2029 | B4: Dinas Sosial | C4: IKD-01 | D4: Tingkat Kemiskinan | E4: % | F4: Target 2029 | G4: 7 | H4: 7 | I4: RPJMD Kota Palembang 2025–2029 | J4: 79 | K4: Konsisten
A5: Renstra Dinas Sosial 2025–2029 | B5: Dinas Sosial | C5: IKK-11 | D5: Persentase PPKS yang Mendapat Bantuan Sosial | E5: % | F5: Target 2029 | G5: 85 | H5: 85 | I5: RPJMD Kota Palembang 2025–2029 | J5: 80 | K5: Konsisten
A6: Renstra Dinas Tenaga Kerja 2025–2029 | B6: Dinas Tenaga Kerja | C6: IKD-02 | D6: Tingkat Pengangguran Terbuka | E6: % | F6: Target 2029 | G6: 4 | H6: 4 | I6: RPJMD Kota Palembang 2025–2029 | J6: 85 | K6: Konsisten
A7: Renstra Dinas Tenaga Kerja 2025–2029 | B7: Dinas Tenaga Kerja | C7: IKK-10 | D7: Persentase Pencari Kerja yang Ditempatkan | E7: % | F7: Target 2029 | G7: 40 | H7: 40 | I7: RPJMD Kota Palembang 2025–2029 | J7: 86 | K7: Konsisten
A8: Renstra Dinas Pendidikan 2025–2029 | B8: Dinas Pendidikan | C8: IKD-03 | D8: Harapan Lama Sekolah | E8: tahun | F8: Target 2029 | G8: 13.9 | H8: 13.9 | I8: RPJMD Kota Palembang 2025–2029 | J8: 79 | K8: Konsisten
A9: Renstra Dinas Pendidikan 2025–2029 | B9: Dinas Pendidikan | C9: IKD-04 | D9: Rata-rata Lama Sekolah | E9: tahun | F9: Target 2029 | G9: 11.3 | H9: 11.3 | I9: RPJMD Kota Palembang 2025–2029 | J9: 80 | K9: Konsisten
A10: Renstra Dinas Pendidikan 2025–2029 | B10: Dinas Pendidikan | C10: IKK-09 | D10: Angka Partisipasi Murni SMP | E10: % | F10: Target 2029 | G10: 86 | H10: 86 | I10: RPJMD Kota Palembang 2025–2029 | J10: 81 | K10: Konsisten
A11: Renstra Dinas Kesehatan 2025–2029 | B11: Dinas Kesehatan | C11: IKD-05 | D11: Angka Harapan Hidup | E11: tahun | F11: Target 2029 | G11: 71.6 | H11: 71.6 | I11: RPJMD Kota Palembang 2025–2029 | J11: 79 | K11: Konsisten
A12: Renstra Dinas Kesehatan 2025–2029 | B12: Dinas Kesehatan | C12: IKD-06 | D12: Prevalensi Stunting | E12: % | F12: Target 2029 | G12: 11 | H12: 10 | I12: RPJMD Kota Palembang 2025–2029 | J12: 80 | K12: Beda target
A13: Renstra Dinas Kesehatan 2025–2029 | B13: Dinas Kesehatan | C13: IKK-07 | D13: Cakupan Imunisasi Dasar Lengkap | E13: % | F13: Target 2029 | G13: 95 | H13: 95 | I13: RPJMD Kota Palembang 2025–2029 | J13: 81 | K13: Konsisten
A14: Renstra Dinas Kesehatan 2025–2029 | B14: Dinas Kesehatan | C14: IKK-08 | D14: Angka Kematian Ibu | E14: per 100.000 KH | F14: Target 2029 | G14: 70 | H14: 70 | I14: RPJMD Kota Palembang 2025–2029 | J14: 82 | K14: Konsisten
A15: Renstra Dinas Koperasi dan UKM 2025–2029 | B15: Dinas Koperasi dan UKM | C15: IKK-12 | D15: Persentase UMKM Naik Kelas | E15: % | F15: Target 2029 | G15: 6 | H15: 6 | I15: RPJMD Kota Palembang 2025–2029 | J15: 79 | K15: Konsisten
... A36: Renja Dinas Kesehatan 2026 | B36: Dinas Kesehatan | C36: IKD-06 | D36: Prevalensi Stunting | E36: % | F36: Target 2026 | G36: 13 | H36: 13 | I36: RKPD Kota Palembang 2026 | J36: 80 | K36: Konsisten
A37: Renja Dinas Kesehatan 2026 | B37: Dinas Kesehatan | C37: IKK-07 | D37: (tidak dimuat) | E37: % | F37: Target 2026 | H37: 93.5 | I37: RKPD Kota Palembang 2026 | K37: Tidak dimuat
A38: Renja Dinas Kesehatan 2026 | B38: Dinas Kesehatan | C38: IKK-08 | D38: Angka Kematian Ibu | E38: per 100.000 KH | F38: Target 2026 | G38: 80 | H38: 80 | I38: RKPD Kota Palembang 2026 | J38: 82 | K38: Konsisten
A39: Renja Dinas Koperasi dan UKM 2026 | B39: Dinas Koperasi dan UKM | C39: IKK-12 | D39: Persentase UMKM Naik Kelas | E39: % | F39: Target 2026 | G39: 4.9 | H39: 4.9 | I39: RKPD Kota Palembang 2026 | J39: 79 | K39: Konsisten
A40: Renja Dinas Pariwisata 2026 | B40: Dinas Pariwisata | C40: IKK-13 | D40: Jumlah Kunjungan Wisatawan | E40: juta orang | F40: Target 2026 | G40: 2.97 | H40: 2.97 | I40: RKPD Kota Palembang 2026 | J40: 79 | K40: Konsisten
A41: Renja Dinas Ketahanan Pangan 2026 | B41: Dinas Ketahanan Pangan | C41: IKK-14 | D41: Skor Pola Pangan Harapan | E41: poin | F41: Target 2026 | G41: 88.2 | H41: 88.2 | I41: RKPD Kota Palembang 2026 | J41: 70 | K41: Konsisten
A42: Renja Dinas PUPR 2026 | B42: Dinas PUPR | C42: IKD-08 | D42: Proporsi Ruang Terbuka Hijau Publik | E42: % | F42: Target 2026 | G42: 9.4 | H42: 9.4 | I42: RKPD Kota Palembang 2026 | J42: 73 | K42: Konsisten
A43: Renja Dinas PUPR 2026 | B43: Dinas PUPR | C43: IKK-01 | D43: Persentase Jalan Kondisi Mantap | E43: % | F43: Target 2026 | G43: 87 | H43: 87 | I43: RKPD Kota Palembang 2026 | J43: 74 | K43: Konsisten
A44: Renja Dinas PUPR 2026 | B44: Dinas PUPR | C44: IKK-02 | D44: Persentase Kawasan Tergenang | E44: % | F44: Target 2026 | G44: 13.38 | H44: 13.38 | I44: RKPD Kota Palembang 2026 | J44: 75 | K44: Konsisten
A45: Renja Dinas Perkim 2026 | B45: Dinas Perkim | C45: IKK-03 | D45: Rumah Tangga dengan Akses Air Minum Layak | E45: % | F45: Target 2026 | G45: 95.5 | H45: 95.5 | I45: RKPD Kota Palembang 2026 | J45: 79 | K45: Konsisten
A46: Renja Dinas Perkim 2026 | B46: Dinas Perkim | C46: IKK-04 | D46: Rumah Tangga dengan Akses Sanitasi Layak | E46: % | F46: Target 2026 | G46: 91.25 | H46: 91.25 | I46: RKPD Kota Palembang 2026 | J46: 80 | K46: Konsisten
A47: Renja Dinas Perkim 2026 | B47: Dinas Perkim | C47: IKK-05 | D47: Luas Kawasan Permukiman Kumuh | E47: ha | F47: Target 2026 | G47: 310 | H47: 310 | I47: RKPD Kota Palembang 2026 | J47: 81 | K47: Konsisten
A48: Renja Dinas Lingkungan Hidup dan Kebersihan 2026 | B48: Dinas Lingkungan Hidup dan Kebersihan | C48: IKU-04 | D48: Indeks Kualitas Lingkungan Hidup | E48: poin | F48: Target 2026 | G48: 63 | H48: 63 | I48: RKPD Kota Palembang 2026 | J48: 73 | K48: Konsisten
A49: Renja Dinas Lingkungan Hidup dan Kebersihan 2026 | B49: Dinas Lingkungan Hidup dan Kebersihan | C49: IKK-06 | D49: Persentase Sampah Terkelola | E49: % | F49: Target 2026 | G49: 76 | H49: 76 | I49: RKPD Kota Palembang 2026 | J49: 74 | K49: Konsisten
... A51: Renja Dinas Komunikasi dan Informatika 2026 | B51: Dinas Komunikasi dan Informatika | C51: IKK-16 | D51: Indeks SPBE | E51: poin | F51: Target 2026 | G51: 3.35 | H51: 3.35 | I51: RKPD Kota Palembang 2026 | J51: 82 | K51: Konsisten

Sheet Temuan_Pemeriksaan
A1: Data simulasi. Hasil pemeriksaan otomatis saat dokumen diunggah.
A3: ID | B3: Dokumen diperiksa | C3: Jenis temuan | D3: Temuan | E3: Indikator | F3: Yang dibandingkan | G3: Dokumen rujukan | H3: Hal. rujukan | I3: Nilai rujukan | J3: Hal. dokumen | K3: Nilai di dokumen | L3: Status tinjauan | M3: Catatan AI (contoh)
A4: F1 | B4: Renstra Dinas Kesehatan 2025–2029 | C4: Beda target | D4: Target 2029 berbeda dengan RPJMD | E4: Prevalensi Stunting | F4: Target 2029 | G4: RPJMD Kota Palembang 2025–2029 | H4: hal. 227 | I4: 10,0% | J4: hal. 80 | K4: 11,0% | L4: Menunggu tinjauan | M4: Target di Renstra lebih rendah dari dokumen rujukan (11,0% dibanding 10,0%). Perbedaan bisa sah bila ada perubahan rujukan atau penyesuaian kewenangan. Mohon dikonfirmasi ke Dinas Kesehatan.
A5: F2 | B5: Renstra Dinas Pariwisata 2025–2029 | C5: Beda target | D5: Target 2029 berbeda dengan RPJMD | E5: Jumlah Kunjungan Wisatawan | F5: Target 2029 | G5: RPJMD Kota Palembang 2025–2029 | H5: hal. 259 | I5: 3,50 juta orang | J5: hal. 79 | K5: 4,00 juta orang | L5: Menunggu tinjauan | M5: Target di Renstra lebih tinggi ambisinya dari dokumen rujukan (4,00 juta orang dibanding 3,50 juta orang). Perbedaan bisa sah bila ada perubahan rujukan atau penyesuaian kewenangan. Mohon dikonfirmasi ke Dinas Pariwisata.
A6: F3 | B6: Renstra Dinas PUPR 2025–2029 | C6: Beda target | D6: Target 2029 berbeda dengan RPJMD | E6: Persentase Jalan Kondisi Mantap | F6: Target 2029 | G6: RPJMD Kota Palembang 2025–2029 | H6: hal. 233 | I6: 90,00% | J6: hal. 74 | K6: 88,00% | L6: Menunggu tinjauan | M6: Target di Renstra lebih rendah dari dokumen rujukan (88,00% dibanding 90,00%). Perbedaan bisa sah bila ada perubahan rujukan atau penyesuaian kewenangan. Mohon dikonfirmasi ke Dinas PUPR.
A7: F4 | B7: Renstra Dinas PUPR 2025–2029 | C7: Nama tidak cocok | D7: Indikator tidak ada di daftar induk | E7: Persentase Luas Genangan | F7: Nama indikator | G7: Daftar indikator induk | H7: Kemiripan tertinggi | I7: Persentase Kawasan Tergenang | J7: hal. 75 | K7: Persentase Luas Genangan | L7: Menunggu tinjauan | M7: Nama berbeda, tetapi definisi dan satuannya serupa. Kemungkinan indikator yang sama. Konfirmasi untuk menautkannya ke indikator induk.
A8: F5 | B8: Renstra Dinas Lingkungan Hidup dan Kebersihan 2025–2029 | C8: Satuan berbeda | D8: Satuan indikator berbeda dengan RPJMD | E8: Persentase Sampah Terkelola | F8: Satuan | G8: RPJMD Kota Palembang 2025–2029 | H8: hal. 245 | I8: % | J8: hal. 74 | K8: ton/hari | L8: Menunggu tinjauan | M8: RPJMD memakai satuan %, sedangkan Renstra memakai ton/hari. Angka tidak bisa dibandingkan sebelum satuannya diseragamkan.
A9: F6 | B9: Renja Dinas Sosial 2026 | C9: Beda target | D9: Target 2026 berbeda dengan RKPD 2026 | E9: Tingkat Kemiskinan | F9: Target 2026 | G9: RKPD Kota Palembang 2026 | H9: hal. 115 | I9: 8,10% | J9: hal. 79 | K9: 7,90% | L9: Menunggu tinjauan | M9: Target di Renja lebih tinggi ambisinya dari dokumen rujukan (7,90% dibanding 8,10%). Perbedaan bisa sah bila ada perubahan rujukan atau penyesuaian kewenangan. Mohon dikonfirmasi ke Dinas Sosial.
A10: F7 | B10: Renja Dinas Pendidikan 2026 | C10: Beda target | D10: Target 2026 berbeda dengan RKPD 2026 | E10: Angka Partisipasi Murni SMP | F10: Target 2026 | G10: RKPD Kota Palembang 2026 | H10: hal. 163 | I10: 82,62% | J10: hal. 81 | K10: 83,50% | L10: Menunggu tinjauan | M10: Target di Renja lebih tinggi ambisinya dari dokumen rujukan (83,50% dibanding 82,62%). Perbedaan bisa sah bila ada perubahan rujukan atau penyesuaian kewenangan. Mohon dikonfirmasi ke Dinas Pendidikan.
A11: F8 | B11: Renja Dinas Kesehatan 2026 | C11: Tidak dimuat | D11: Indikator RKPD tidak dimuat di Renja | E11: Cakupan Imunisasi Dasar Lengkap | F11: Target 2026 | G11: RKPD Kota Palembang 2026 | H11: hal. 157 | I11: 93,5% | J11: — | K11: Tidak ditemukan | L11: Menunggu tinjauan | M11: Indikator ini punya target 2026 di RKPD, tetapi tidak ditemukan di Renja Dinas Kesehatan 2026. Kemungkinan terlewat saat penyusunan Renja.

Sheet DSSD
A1: Data simulasi.
A3: Kode DSSD | B3: Urusan | C3: Uraian | D3: Satuan | E3: 2021 | F3: 2022 | G3: 2023 | H3: 2024 | I3: 2025 | J3: Produsen data
A4: DSSD-SOS-01 | B4: Sosial | C4: Jumlah penduduk miskin | D4: ribu jiwa | E4: 150.4 | F4: 148.6 | G4: 146.4 | H4: 144.8 | I4: 143 | J4: Dinas Sosial
A5: DSSD-SOS-02 | B5: Sosial | C5: Keluarga penerima bantuan sosial | D5: KPM | E5: 61200 | F5: 60557 | G5: 59731 | H5: 59126 | I5: 58400 | J5: Dinas Sosial
A6: DSSD-NAK-01 | B6: Tenaga Kerja | C6: Angkatan kerja | D6: ribu orang | E6: 820.5 | F6: 832.8 | G6: 841.1 | H6: 854.1 | I6: 864.9 | J6: Dinas Tenaga Kerja
A7: DSSD-NAK-02 | B7: Tenaga Kerja | C7: Peserta pelatihan kerja | D7: orang | E7: 1450 | F7: 1731 | G7: 1953 | H7: 2172 | I7: 2380 | J7: Dinas Tenaga Kerja
A8: DSSD-PDK-01 | B8: Pendidikan | C8: Jumlah SD dan SMP | D8: sekolah | E8: 731 | F8: 734 | G8: 737 | H8: 740 | I8: 742 | J8: Dinas Pendidikan
A9: DSSD-PDK-02 | B9: Pendidikan | C9: Peserta didik SD dan SMP | D9: ribu siswa | E9: 244.8 | F9: 246.5 | G9: 248.2 | H9: 249.6 | I9: 251.3 | J9: Dinas Pendidikan
A10: DSSD-KES-01 | B10: Kesehatan | C10: Jumlah puskesmas | D10: unit | E10: 41 | F10: 41 | G10: 41 | H10: 42 | I10: 42 | J10: Dinas Kesehatan
A11: DSSD-KES-02 | B11: Kesehatan | C11: Tenaga kesehatan | D11: orang | E11: 5120 | F11: 5297 | G11: 5513 | H11: 5689 | I11: 5890 | J11: Dinas Kesehatan
A12: DSSD-EKO-01 | B12: Perekonomian | C12: PDRB atas dasar harga berlaku | D12: Rp triliun | E12: 125.6 | F12: 133.4 | G12: 142 | H12: 151 | I12: 158.2 | J12: Bapperida Kota Palembang
A13: DSSD-EKO-02 | B13: Perekonomian | C13: Realisasi investasi | D13: Rp triliun | E13: 3.1 | F13: 3.6 | G13: 4 | H13: 4.4 | I13: 4.8 | J13: Bapperida Kota Palembang
A14: DSSD-KOP-01 | B14: Koperasi dan UKM | C14: Jumlah UMKM terdata | D14: unit | E14: 38200 | F14: 40091 | G14: 42615 | H14: 44474 | I14: 46100 | J14: Dinas Koperasi dan UKM
A15: DSSD-KOP-02 | B15: Koperasi dan UKM | C15: Koperasi aktif | D15: unit | E15: 410 | F15: 421 | G15: 433 | H15: 443 | I15: 455 | J15: Dinas Koperasi dan UKM
... A33: DSSD-KOM-02 | B33: Komunikasi dan Informatika | C33: Titik wifi publik | D33: titik | E33: 120 | F33: 162 | G33: 186 | H33: 229 | I33: 260 | J33: Dinas Komunikasi dan Informatika

Sheet Urusan
A1: Pembagian urusan adalah contoh dan perlu disesuaikan dengan pembagian tugas resmi setiap bidang.
A3: Urusan | B3: Bidang pengampu | C3: Perangkat daerah utama | D3: Jumlah indikator | E3: Isu strategis (contoh)
A4: Sosial | B4: Perekonomian, SDA dan Sosial | C4: Dinas Sosial | D4: 2 | E4: Data penerima bantuan belum seluruhnya mutakhir; Penurunan kemiskinan melambat sejak 2023
A5: Tenaga Kerja | B5: Perekonomian, SDA dan Sosial | C5: Dinas Tenaga Kerja | D5: 2 | E5: Kesesuaian pelatihan dengan kebutuhan industri; Pengangguran usia muda
A6: Pendidikan | B6: Perekonomian, SDA dan Sosial | C6: Dinas Pendidikan | D6: 3 | E6: Pemerataan akses pendidikan menengah pertama; Mutu dan sebaran tenaga pendidik
A7: Kesehatan | B7: Perekonomian, SDA dan Sosial | C7: Dinas Kesehatan | D7: 5 | E7: Percepatan penurunan stunting; Layanan kesehatan dasar di kawasan padat
A8: Perekonomian | B8: Perekonomian, SDA dan Sosial | C8: Lintas perangkat daerah | D8: 3 | E8: Pertumbuhan ekonomi cenderung datar 2023–2025; Ketimpangan pendapatan antarkelompok
A9: Koperasi dan UKM | B9: Perekonomian, SDA dan Sosial | C9: Dinas Koperasi dan UKM | D9: 1 | E9: Akses pembiayaan UMKM; Pemasaran digital produk lokal
A10: Pariwisata | B10: Perekonomian, SDA dan Sosial | C10: Dinas Pariwisata | D10: 1 | E10: Pengembangan wisata Sungai Musi; Kalender event yang konsisten
A11: Pangan | B11: Perekonomian, SDA dan Sosial | C11: Dinas Ketahanan Pangan | D11: 1 | E11: Ketergantungan pasokan pangan dari luar kota; Keragaman konsumsi pangan rumah tangga
A12: Pekerjaan Umum | B12: Infrastruktur dan Pengembangan Wilayah | C12: Dinas PUPR | D12: 2 | E12: Genangan saat hujan deras di kawasan rendah; Pemeliharaan jalan lingkungan
A13: Perumahan dan Kawasan Permukiman | B13: Infrastruktur dan Pengembangan Wilayah | C13: Dinas Perkim | D13: 3 | E13: Cakupan air minum di kawasan tepian sungai; Penataan permukiman kumuh
A14: Lingkungan Hidup | B14: Infrastruktur dan Pengembangan Wilayah | C14: Dinas Lingkungan Hidup dan Kebersihan | D14: 2 | E14: Kapasitas pengolahan sampah; Kualitas air Sungai Musi dan anak sungai
A15: Penataan Ruang | B15: Infrastruktur dan Pengembangan Wilayah | C15: Dinas PUPR | D15: 1 | E15: Ketersediaan lahan untuk RTH publik; Pengendalian alih fungsi daerah resapan
... A18: Komunikasi dan Informatika | B18: Riset dan Inovasi Daerah | C18: Dinas Komunikasi dan Informatika | D18: 1 | E18: Integrasi data antarperangkat daerah; Keamanan informasi layanan digital

Sheet Realisasi_Anggaran_2026
A1: Data simulasi. Persentase kumulatif terhadap total pagu indikatif program di sheet Program_RKPD_2026.
A3: Bulan | B3: Akhir triwulan | C3: Rencana kumulatif | D3: Realisasi kumulatif | E3: Selisih | F3: Realisasi (Rp juta)
A4: Jan 2026 | C4: 0.04 | D4: 0.021 | E4: =D4-C4 -> -0.019 | F4: =D4*Program_RKPD_2026!$E$29 -> 34761.3
A5: Feb 2026 | C5: 0.095 | D5: 0.06 | E5: =D5-C5 -> -0.035 | F5: =D5*Program_RKPD_2026!$E$29 -> 99318
A6: Mar 2026 | B6: Triwulan I | C6: 0.17 | D6: 0.128 | E6: =D6-C6 -> -0.042 | F6: =D6*Program_RKPD_2026!$E$29 -> 211878.4
A7: Apr 2026 | C7: 0.245 | D7: 0.195 | E7: =D7-C7 -> -0.05 | F7: =D7*Program_RKPD_2026!$E$29 -> 322783.5
A8: Mei 2026 | C8: 0.32 | D8: 0.264 | E8: =D8-C8 -> -0.056 | F8: =D8*Program_RKPD_2026!$E$29 -> 436999.2
A9: Jun 2026 | B9: Triwulan II | C9: 0.405 | D9: 0.342 | E9: =D9-C9 -> -0.063 | F9: =D9*Program_RKPD_2026!$E$29 -> 566112.6
A10: Jul 2026 | C10: 0.48 | D10: 0.401 | E10: =D10-C10 -> -0.079 | F10: =D10*Program_RKPD_2026!$E$29 -> 663775.3
A11: Agu 2026 | C11: 0.56 | D11: 0.473 | E11: =D11-C11 -> -0.087 | F11: =D11*Program_RKPD_2026!$E$29 -> 782956.9
A12: Sep 2026 | B12: Triwulan III | C12: 0.645 | D12: 0.556 | E12: =D12-C12 -> -0.089 | F12: =D12*Program_RKPD_2026!$E$29 -> 920346.8
